name,1d,1w,1m,1y,all
Abu Dhabi,0.459012876195538,0.6036557699125032,0.39261888543686896,0.2055909493896818,0.2195113662646886
Ajman,0.8484386047618432,0.5181357836534749,0.21994320562598724,0.9197426818723622,0.017564432971172828
Dubay,0.008183249016133542,0.4155814810698565,0.9540259317104637,0.2636785039950499,0.5128151523443594
Fujayrah,0.3921067912463123,0.4116185680833876,0.19749391150679596,0.8675835251873532,0.6510072802006994
Neutral Zone,0.7759887065674064,0.065822094142579,0.806144774196799,0.28862123904015546,0.42043769501901107
Ras Al Khaymah,0.40090827201711343,0.8625378574103691,0.3903521705233064,0.37742384545020047,0.20040226626556978
Sharjah,0.507947985551993,0.9683503051869815,0.1523114060773696,0.08790685301801737,0.5736449490278613
Umm Al Qaywayn,0.09917953949209479,0.39344650460521413,0.4781636020867156,0.30560645575056056,0.48012129750036037
